CameraLabel, X, Y, Z, Roll, Pitch, Yaw, RotX, RotY, RotZ
uhi_20210122_111150_1_00000,2780607.4870207803,539460.5372305484,5695520.3512740005,-3.2095657234229016,3.840605918490622,148.95028536923928,161.11835932156342,10.17003038114025,-49.59507928290297
uhi_20210122_111150_1_00001,2780607.4894424886,539460.534376485,5695520.352448906,-3.2354148580808153,3.765925988007927,148.97012641286324,161.04162448787574,10.139284962712669,-49.60109220629753
uhi_20210122_111150_1_00002,2780607.489529045,539460.5285252318,5695520.352739628,-3.2811113046599036,3.731585963650467,148.9766539181295,161.00887772639499,10.094188140833234,-49.590230335673255
uhi_20210122_111150_1_00003,2780607.4886240805,539460.5222291157,5695520.351689888,-3.352434480141676,3.716006761512733,148.9841372998511,160.99594003226437,10.024156800650033,-49.572783073420425
uhi_20210122_111150_1_00004,2780607.4895255794,539460.5219166981,5695520.34890784,-3.54096459575133,3.5832239527279057,149.00546488177085,160.87078454361762,9.840354006268797,-49.52253520814306
uhi_20210122_111150_1_00005,2780607.494421844,539460.5238663991,5695520.342843113,-3.581550949802483,3.5750555149120533,149.040279286113,160.85731353421497,9.788755123291253,-49.5410731995454
uhi_20210122_111150_1_00006,2780607.502827736,539460.5306815893,5695520.333264114,-3.55483504891593,3.6293113082392345,149.05292887609176,160.90660515184084,9.808014010601052,-49.565007451092235
uhi_20210122_111150_1_00007,2780607.5097756293,539460.5377169905,5695520.323209837,-3.474325810122457,3.849023959527847,149.03196509157556,161.12377967619702,9.887847515010254,-49.58492889458413
uhi_20210122_111150_1_00008,2780607.514905718,539460.5444708564,5695520.311568505,-3.374380430844741,3.873206922561048,148.99462666724222,161.15026679719173,9.996360416007796,-49.58422087466471
uhi_20210122_111150_1_00009,2780607.5195141025,539460.5513398367,5695520.298430659,-3.294698562195304,3.832245532784498,149.00653341662039,161.10258317484326,10.067935495564056,-49.61924062247706
uhi_20210122_111150_1_00010,2780607.522973493,539460.5591783688,5695520.282218067,-3.316913844600015,3.6927028744542456,149.00905424686002,160.96534634821427,10.048568971553221,-49.60653632503182
uhi_20210122_111150_1_00011,2780607.5276366193,539460.5673295746,5695520.263896908,-3.3402120149685754,3.5103018172209866,148.99057593061136,160.79046061464376,10.037153407766207,-49.571344139838445
uhi_20210122_111150_1_00012,2780607.5346214534,539460.5784681444,5695520.243520391,-3.407358665003225,3.348877269984343,148.99672855991884,160.63344991048984,9.974541216783892,-49.54546943769733
uhi_20210122_111150_1_00013,2780607.545071137,539460.591237476,5695520.224136162,-3.404363928194318,3.315152295780454,149.00313291867093,160.59852496792482,9.975561874485006,-49.55054689775556
uhi_20210122_111150_1_00014,2780607.555593879,539460.6064906107,5695520.205153987,-3.45794684661214,3.3577998174657764,148.94439311212344,160.65680336923145,9.946807619322632,-49.480030742493554
uhi_20210122_111150_1_00015,2780607.5685069277,539460.6242103645,5695520.18578867,-3.4844208176369817,3.411558846278371,148.85457263321766,160.73140085135242,9.955340609932795,-49.3902863590297
uhi_20210122_111150_1_00016,2780607.5840251762,539460.6426447111,5695520.166728073,-3.4322099747971584,3.495278273438333,148.77392455052996,160.8290442703336,10.034018504751327,-49.337158856340665
uhi_20210122_111150_1_00017,2780607.6006242908,539460.6631885879,5695520.148312966,-3.411503184891807,3.5471703397971686,148.71398652497498,160.89248130961474,10.075622653935083,-49.290953715830355
uhi_20210122_111150_1_00018,2780607.6180018224,539460.6851566788,5695520.129800063,-3.393125078547903,3.5838311210047773,148.67141140639006,160.93714424562086,10.108651001117588,-49.259308495956205
uhi_20210122_111150_1_00019,2780607.63706489,539460.7081090003,5695520.1113659935,-3.371317682242399,3.497904402150014,148.68148447439106,160.8486988276677,10.127043421658607,-49.271119820933464
uhi_20210122_111150_1_00020,2780607.6568015977,539460.7312755052,5695520.09375526,-3.360769537674481,3.4891560891301423,148.65063989096683,160.84632218355227,10.149035236034898,-49.24527507427078
uhi_20210122_111150_1_00021,2780607.680734761,539460.7570081427,5695520.07545377,-3.3284111885733805,3.3896226052798855,148.59227440200823,160.75908433534158,10.203935218828486,-49.19587824642362
uhi_20210122_111150_1_00022,2780607.70649294,539460.7856590973,5695520.058162875,-3.3749728470207536,3.3837226621178007,148.49270972755843,160.77833315664577,10.19832069989528,-49.086743770501315
uhi_20210122_111150_1_00023,2780607.735825299,539460.8164920142,5695520.040901793,-3.3908569653481084,3.3262835123234744,148.36268703367023,160.75176963746222,10.234311663729496,-48.95641032787249
uhi_20210122_111150_1_00024,2780607.7673421223,539460.8500430427,5695520.024864483,-3.427370392907709,3.2815377156508285,148.21343024382125,160.7434645587881,10.257884418585755,-48.80180254922383
uhi_20210122_111150_1_00025,2780607.8001323976,539460.8845724727,5695520.009773679,-3.382084352546945,3.369169386196731,148.0566336197063,160.86293123451424,10.358909883493707,-48.67498362146119
uhi_20210122_111150_1_00026,2780607.834494544,539460.9206706326,5695519.994205838,-3.3584021593348856,3.4226676953826867,147.87703259196743,160.95532324560116,10.448851837160397,-48.51745849960483
uhi_20210122_111150_1_00027,2780607.8707749774,539460.958767243,5695519.978773529,-3.3365793905687364,3.4354698997185267,147.71703454409948,161.00331235631617,10.530249837551404,-48.37528602877376
uhi_20210122_111150_1_00028,2780607.9072504938,539460.9969943472,5695519.963989953,-3.3235593673519523,3.5135493583067854,147.54876322002102,161.11839884605965,10.605161434474777,-48.22597777843007
uhi_20210122_111150_1_00029,2780607.944378659,539461.0359265709,5695519.947996549,-3.3251158849705558,3.489568301275506,147.4369271036267,161.12064010705058,10.646663119948549,-48.11909161260386
uhi_20210122_111150_1_00030,2780607.981812637,539461.075239863,5695519.931353829,-3.3165234412118267,3.4844894117744065,147.28504033358882,161.1503258790062,10.712567859329178,-47.97892876355023
uhi_20210122_111150_1_00031,2780608.020140347,539461.117083028,5695519.913556159,-3.3280771443239288,3.452200227337994,147.13227994992732,161.15472022439735,10.760160516118901,-47.82973633354839
uhi_20210122_111150_1_00032,2780608.0601291903,539461.1612797139,5695519.894114175,-3.315278276407023,3.404890277806683,146.97234253169867,161.14462147263868,10.833706893649378,-47.68089774612042
uhi_20210122_111150_1_00033,2780608.100172035,539461.206581498,5695519.875635465,-3.3061863355318075,3.478264896210941,146.81499129924308,161.2535233890261,10.900425630632835,-47.53991584780658
uhi_20210122_111150_1_00034,2780608.143152057,539461.2536417458,5695519.8578863,-3.203692552614885,3.53012029200698,146.71739223337835,161.321393563053,11.03341012493206,-47.48436693994512
uhi_20210122_111150_1_00035,2780608.184632194,539461.3015010114,5695519.84095139,-3.178532002880313,3.638710276951166,146.68062321867444,161.43580781353668,11.06920165584374,-47.46375853965276
uhi_20210122_111150_1_00036,2780608.2274582167,539461.3483376682,5695519.823236801,-3.059160580647533,3.7012673094648876,146.6206775009968,161.50433270685346,11.203924874170758,-47.44922961714892
uhi_20210122_111150_1_00037,2780608.272033658,539461.3974616363,5695519.806400614,-3.002197660531695,3.758706007227129,146.52841729029743,161.5793637211272,11.29179732033374,-47.383577541876114
uhi_20210122_111150_1_00038,2780608.316649365,539461.4467580536,5695519.788058315,-2.990222341131135,3.8303062443299103,146.44030582634028,161.6702972419705,11.33519356299667,-47.30795071329833
uhi_20210122_111150_1_00039,2780608.362694639,539461.4970472262,5695519.769179631,-3.012518194863169,3.8235311751625702,146.32377617366993,161.69272078179083,11.358016065256113,-47.19052878101955
uhi_20210122_111150_1_00040,2780608.4100182666,539461.5486650685,5695519.751114675,-3.079022561902247,3.8205558142771596,146.21158291825512,161.72074510899404,11.337110550009331,-47.063226094868455
uhi_20210122_111150_1_00041,2780608.4584402605,539461.600077321,5695519.733838624,-3.0933062275745953,3.829465600019032,146.0872102758869,161.76023624946146,11.37010059182565,-46.94175183846312
uhi_20210122_111150_1_00042,2780608.5061119637,539461.6522797741,5695519.716552305,-3.1177625551531634,3.8121890760575674,145.96481564590772,161.77412110798318,11.393065244544514,-46.817497748534755
uhi_20210122_111150_1_00043,2780608.5528294593,539461.7043851871,5695519.697575928,-3.079862127685251,3.748291499527671,145.87686915485102,161.7297800247411,11.463086955655669,-46.743207043540636
uhi_20210122_111150_1_00044,2780608.5991595937,539461.7576257475,5695519.679542859,-3.026942545416819,3.7475581292408306,145.85315120237505,161.7314066348825,11.522232563364225,-46.73769180655228
uhi_20210122_111150_1_00045,2780608.6471857377,539461.8126119424,5695519.6611133935,-2.9270843147098984,3.747625036382308,145.8363626908105,161.7291146939957,11.623342964110165,-46.753783425881224
uhi_20210122_111150_1_00046,2780608.6968575157,539461.86929572,5695519.642025303,-2.855344372300604,3.7380295960634164,145.79481110085595,161.72501602737796,11.707176922895941,-46.73699839266887
uhi_20210122_111150_1_00047,2780608.7484613126,539461.92653469,5695519.623286522,-2.8126685956905577,3.813221248171105,145.7628697437547,161.80432685647315,11.758505358065,-46.724035625510496
uhi_20210122_111150_1_00048,2780608.802350793,539461.9835867878,5695519.60453682,-2.778293732915849,3.8083965120013272,145.74629425015655,161.80132266658615,11.797440128051443,-46.719093114434585
uhi_20210122_111150_1_00049,2780608.8560775947,539462.0401673418,5695519.587936967,-2.8204667686156566,3.929369805113687,145.7666647551131,161.91879354623705,11.747897728746524,-46.730683566552514
uhi_20210122_111150_1_00050,2780608.9110508915,539462.0974002676,5695519.573468465,-2.864977785924869,3.998926863231479,145.7818038183421,161.9867874713929,11.698839980154487,-46.734265782694514
uhi_20210122_111150_1_00051,2780608.9661533046,539462.1545733158,5695519.560543523,-2.8853291908291863,4.004113741331837,145.81478418535903,161.98525305288237,11.667055899633374,-46.7592729509881
uhi_20210122_111150_1_00052,2780609.0215683747,539462.2119258208,5695519.548538241,-2.86151387366293,3.985886845907751,145.84375777292567,161.9587144077495,11.679131851120768,-46.79330243004812
uhi_20210122_111150_1_00053,2780609.0775140296,539462.2700694052,5695519.538336165,-2.8083420405202024,4.029642465840285,145.89044211173007,161.98733368389327,11.711527252563144,-46.85634320005612
uhi_20210122_111150_1_00054,2780609.135465078,539462.3298455006,5695519.527659721,-2.7090822826495518,3.9174009152036016,145.97827406355256,161.84876599071012,11.774612165180706,-46.96560977601714
uhi_20210122_111150_1_00055,2780609.1964079994,539462.3908927928,5695519.5197758395,-2.600208517700182,3.827360458331781,146.08829300901945,161.72616689003607,11.83800729384741,-47.10036061461646
uhi_20210122_111150_1_00056,2780609.258727484,539462.4522658071,5695519.515747716,-2.538077684550376,3.8103008507824314,146.18021555132643,161.68322187962713,11.86266228499596,-47.206471809896854
uhi_20210122_111150_1_00057,2780609.3248183923,539462.5150688039,5695519.513924779,-2.4965498077488726,3.8011926638299016,146.28292661403407,161.64699146603314,11.863529346597929,-47.31654916709339
uhi_20210122_111150_1_00058,2780609.390740977,539462.5770061751,5695519.514134939,-2.528049509302492,3.929334737883518,146.3984841423904,161.74852530495676,11.788292689885866,-47.42111968015248
uhi_20210122_111150_1_00059,2780609.4585298724,539462.6385952211,5695519.514689831,-2.5265527936570664,3.957670787334333,146.49910676832673,161.7526685138275,11.751345940621396,-47.517884174366486
uhi_20210122_111150_1_00060,2780609.5235591186,539462.7000553485,5695519.51684578,-2.5890722163048028,3.9883783463018263,146.58363086391918,161.76717037457408,11.659611036627371,-47.579059855788586
uhi_20210122_111150_1_00061,2780609.585838267,539462.7591686184,5695519.520853278,-2.631105672967237,4.100963070815601,146.67401077193784,161.86004053384988,11.583912051987976,-47.65596014186359
uhi_20210122_111150_1_00062,2780609.648705755,539462.8184063566,5695519.525661161,-2.624965753754874,4.180291311361978,146.80913189192356,161.90645490775452,11.537481349629378,-47.78894215038908
uhi_20210122_111150_1_00063,2780609.7153545683,539462.8781024734,5695519.533038125,-2.513398651285513,4.280220429465101,146.9618409610092,161.9626352765953,11.584271330595286,-47.97267137401394
uhi_20210122_111150_1_00064,2780609.7750332244,539462.9363774,5695519.5482112,-2.5744033206946906,4.729638885260913,147.12997089070817,162.37244363692147,11.456240801680504,-48.13153489565094
uhi_20210122_111150_1_00065,2780609.854143101,539463.0040550929,5695519.554970092,-2.3751846929968563,4.3992867569889675,147.3457363180733,161.9828635568781,11.568149852603357,-48.383305989212325
uhi_20210122_111150_1_00066,2780609.9254758945,539463.067339004,5695519.568122381,-2.3394333548412334,4.435341592335464,147.552278135925,161.9689061143446,11.522896999948667,-48.590708735528395
uhi_20210122_111150_1_00067,2780609.9981324174,539463.1291721942,5695519.580691156,-2.2908098359034357,4.405582364142893,147.77143740270898,161.8863286065164,11.485706822712734,-48.81140040196211
uhi_20210122_111150_1_00068,2780610.0738429865,539463.1951346451,5695519.589918253,-2.297606180047724,4.123881540227722,147.99004515312217,161.55789188473636,11.399037340168631,-49.00412982065134
uhi_20210122_111150_1_00069,2780610.144669289,539463.2597525589,5695519.60128465,-2.4052746594464547,3.98052361163905,148.19400900682658,161.37663471001983,11.220543799259701,-49.155427849677714
uhi_20210122_111150_1_00070,2780610.2165385233,539463.3194592799,5695519.614249981,-2.376255938810463,3.9986476903184776,148.40555337939003,161.34535729553804,11.166464848017101,-49.36447998885655
uhi_20210122_111150_1_00071,2780610.2868801556,539463.3754766666,5695519.626899377,-2.285264311549184,4.072953490164517,148.56872934307071,161.37694298541402,11.188857626837724,-49.55038652574595
uhi_20210122_111150_1_00072,2780610.3547149827,539463.4364680402,5695519.6383330645,-2.3167319310500907,4.031657647983836,148.7523155813728,161.29730340319256,11.088730781618388,-49.71097707728818
uhi_20210122_111150_1_00073,2780610.4286521235,539463.4953891814,5695519.646404418,-2.1487722904208475,4.0313638290072005,148.9600811029546,161.2406720883913,11.167462078409306,-49.961038215261354
uhi_20210122_111150_1_00074,2780610.5009161048,539463.5611548295,5695519.658255236,-2.184709185399912,4.0699763344420505,149.14577999323782,161.24064889666388,11.061016482892787,-50.124988433964965
uhi_20210122_111150_1_00075,2780610.576826228,539463.6284769016,5695519.668624334,-2.2176155508786852,3.9909457763220786,149.33036999622823,161.12415641286856,10.959217945854814,-50.284412693655625
uhi_20210122_111150_1_00076,2780610.650045078,539463.6834014166,5695519.681688021,-2.1083709837486047,4.166148560044261,149.58370104176538,161.23649684022644,10.961977141042306,-50.564213867610704
uhi_20210122_111150_1_00077,2780610.7232309547,539463.7443320048,5695519.696097749,-2.1916732877310325,4.201419340453678,149.77259375000187,161.23615992466793,10.80907259211446,-50.71520607052416
uhi_20210122_111150_1_00078,2780610.792258033,539463.8067165416,5695519.711018963,-2.396145278026688,4.154618281247888,149.93504609841338,161.16748642965496,10.552739988244543,-50.7984272769617
uhi_20210122_111150_1_00079,2780610.8677325365,539463.8602177971,5695519.721660146,-2.2846780198397245,4.080180793114922,150.15805777534672,161.03959011703216,10.572057205851104,-51.040844578425954
uhi_20210122_111150_1_00080,2780610.933636862,539463.9100523946,5695519.736207338,-2.273596989876305,4.299252995421462,150.31883716355617,161.2223959325016,10.516793265657952,-51.203227283376194
uhi_20210122_111150_1_00081,2780610.9973841095,539463.9607825965,5695519.747620759,-2.2774691332021417,4.375296021421781,150.3235174141341,161.29709503696614,10.510323255832903,-51.20924507054465
uhi_20210122_111150_1_00082,2780611.0733252834,539464.0236208553,5695519.749937042,-2.267299327137573,3.961961918344811,150.30193489512098,160.8908915412188,10.533708247134747,-51.1766468736917
uhi_20210122_111150_1_00083,2780611.1357339537,539464.0617219664,5695519.757484291,-2.045408772907392,4.207747604019231,150.2977895655699,161.12216761246702,10.742132002029756,-51.2551457198281
uhi_20210122_111150_1_00084,2780611.188520549,539464.1190801011,5695519.761331595,-2.333668039752921,4.229732367320097,150.34304143989547,161.15191629634492,10.451352435851078,-51.20346063884814
uhi_20210122_111150_1_00085,2780611.2557746777,539464.1667097298,5695519.751410473,-2.178870969390475,4.088163990747021,150.3790571294837,160.99455243835362,10.585475234164901,-51.282836801152484
uhi_20210122_111150_1_00086,2780611.314759505,539464.2183703133,5695519.743203332,-2.2614568069320584,4.184713230739858,150.42638220390683,161.0854424376197,10.487601928184263,-51.30338540643301
uhi_20210122_111150_1_00087,2780611.3663563705,539464.2665016999,5695519.733272718,-2.3762128802784943,4.507879461386742,150.4588175425117,161.406060878146,10.362018138652038,-51.30876925570489
uhi_20210122_111150_1_00088,2780611.4179625055,539464.323511581,5695519.71611458,-2.5976764588460415,4.6285401882135675,150.51480405944844,161.52671344566008,10.128425892568588,-51.29455852045826
uhi_20210122_111150_1_00089,2780611.475204363,539464.3797802695,5695519.690423734,-2.670504447909597,4.602248013957371,150.55313875760672,161.4967390003242,10.044710552108171,-51.30571146348005
uhi_20210122_111150_1_00090,2780611.532261567,539464.4282660305,5695519.656567766,-2.5263370135395347,4.50799254739954,150.60345067475976,161.38461411343712,10.163006363143934,-51.395157762344866
uhi_20210122_111150_1_00091,2780611.5398804885,539464.434989238,5695519.641147963,-2.3853204429667128,5.845699045918109,150.70654581520867,162.68201302283248,10.238965739541268,-51.590980651341134
uhi_20210122_111150_1_00092,2780611.5908015855,539464.4824304865,5695519.59516352,-2.1880314559847682,5.555664531160942,150.81784079354742,162.3604143355036,10.386840385974649,-51.7438953099553
uhi_20210122_111150_1_00093,2780611.623333617,539464.5360586678,5695519.550747646,-2.356219348107885,5.461397686758261,150.8793367071772,162.26346422451945,10.203531586479635,-51.74574100156472
uhi_20210122_111150_1_00094,2780611.6579573383,539464.553483562,5695519.499551229,-1.84388537032789,5.858943025727798,150.9321078747585,162.61887234824368,10.666803392746,-51.96630343072523
uhi_20210122_111150_1_00095,2780611.677835905,539464.598690429,5695519.447384947,-2.168723898251242,5.9626292475297715,151.00090529120726,162.72567814045985,10.328494065405327,-51.935682602313896
uhi_20210122_111150_1_00096,2780611.710015769,539464.6227771321,5695519.380971962,-1.8824532984940543,5.981056474065835,151.10815715876893,162.70637936657204,10.559317439089595,-52.12293377728842
uhi_20210122_111150_1_00097,2780611.7288857545,539464.6610223852,5695519.309636901,-2.0090002363133475,5.987722190118072,151.2252559721808,162.6961277512563,10.392161211413782,-52.19420651877045
uhi_20210122_111150_1_00098,2780611.751619797,539464.7008302719,5695519.23232488,-2.044113476289238,5.977679443293236,151.39582009860965,162.65349546086338,10.291291184210602,-52.342360607651194
uhi_20210122_111150_1_00099,2780611.7827839996,539464.7483078929,5695519.155547561,-2.0608343127570854,6.123190469921325,151.72081285814102,162.73359204367438,10.144992954768801,-52.64532911799506
uhi_20210122_111150_1_00100,2780611.8265172835,539464.7882343219,5695519.075240125,-1.699961937384393,6.396018199256218,152.0516468805853,162.91980505395003,10.355620086499677,-53.070600888737104
uhi_20210122_111150_1_00101,2780611.861347623,539464.8377272626,5695519.007443929,-1.8396744961195812,6.944652643214666,152.31471824019278,163.42094886970474,10.112124142378354,-53.29100800299779
uhi_20210122_111150_1_00102,2780611.908942076,539464.8927117173,5695518.938539769,-2.005641077545249,7.088032591548741,152.54144854370477,163.5276185746899,9.86112032943927,-53.4586886468534
uhi_20210122_111150_1_00103,2780611.9530290538,539464.9400684598,5695518.875649342,-2.205054289346738,7.367825774111921,152.81807594520092,163.76171605287806,9.556261703382559,-53.66875172122026
uhi_20210122_111150_1_00104,2780611.9998206343,539464.9900577646,5695518.812440435,-2.393815600730904,7.415710877672467,153.13067459304358,163.75817526589327,9.249257377449043,-53.90715386224828
uhi_20210122_111150_1_00105,2780612.04717941,539465.0411015808,5695518.752005522,-2.501971910827204,7.366032762595778,153.44784627299035,163.6536580294157,9.018711031022868,-54.16826252468091
uhi_20210122_111150_1_00106,2780612.098971339,539465.089459131,5695518.69277481,-2.354651431825614,7.220956900245186,153.70616749197188,163.45457965929074,9.057815462654828,-54.44373774018892
uhi_20210122_111150_1_00107,2780612.1504682307,539465.1393350041,5695518.639931701,-2.2218309040343223,7.263036919540852,153.92279768834342,163.45009929760062,9.097321133336154,-54.6842482027423
uhi_20210122_111150_1_00108,2780612.1957941735,539465.1898407888,5695518.597160345,-2.2678960220236744,7.6871654863807946,154.01902434620902,163.85567508767255,9.009597559515683,-54.77632917645386
uhi_20210122_111150_1_00109,2780612.2766629183,539465.2544082062,5695518.5351319555,-2.0065764949319154,6.853552690366065,154.13348201137828,162.99443841685238,9.222671645348477,-54.92759931205486
uhi_20210122_111150_1_00110,2780612.3442041446,539465.3131939071,5695518.487315343,-2.04275109212081,6.6318126209004395,154.16266277713424,162.77042969990418,9.178607182165559,-54.936244952862204
uhi_20210122_111150_1_00111,2780612.408330677,539465.3696445713,5695518.443684084,-2.201791582512609,6.633237162049409,154.13780276782876,162.7839502912772,9.036731745119853,-54.86559381342347
uhi_20210122_111150_1_00112,2780612.4825479714,539465.4274824614,5695518.397286948,-2.2443760659995005,6.479200767031367,154.0588511469084,162.6474617752464,9.029740049340631,-54.773940000395186
uhi_20210122_111150_1_00113,2780612.580125507,539465.4931447171,5695518.342938788,-1.9440422967283064,5.634221932377548,154.07590346446594,161.78984307566432,9.318260511227864,-54.852847854301054
uhi_20210122_111150_1_00114,2780612.6584042124,539465.5523257457,5695518.3048867155,-1.8557360663061897,5.57005859365591,154.0667874731986,161.72316406906492,9.406478075575874,-54.87037195101527
uhi_20210122_111150_1_00115,2780612.732300715,539465.6158949308,5695518.270467081,-1.9025999978928287,5.491621677076264,154.0225986240235,161.6557333182125,9.380649360820517,-54.812028114211664
uhi_20210122_111150_1_00116,2780612.8054400897,539465.6757537669,5695518.2364890445,-1.8545177671158821,5.542225217185963,153.90750937934345,161.72476422244156,9.472249885387757,-54.72227350393456
uhi_20210122_111150_1_00117,2780612.876280641,539465.7413256892,5695518.205163113,-2.0353084207069263,5.579321163007266,153.6253300915609,161.82349584281596,9.413897448771102,-54.40456290175866
uhi_20210122_111150_1_00118,2780612.962518167,539465.7923089804,5695518.16424917,-1.5581473373374723,5.412486046598741,153.5750329510401,161.64154370733576,9.888911039657156,-54.50456835377905
uhi_20210122_111150_1_00119,2780613.040986938,539465.8528444029,5695518.131589314,-1.5525166196071956,5.471214090731589,153.46230871017613,161.7207464615363,9.939161355721565,-54.40320692549217
uhi_20210122_111150_1_00120,2780613.12487286,539465.9133309055,5695518.099771888,-1.4261230290866314,5.517081116613585,153.39824029385522,161.77141495649872,10.084616093170983,-54.385028622788525
uhi_20210122_111150_1_00121,2780613.208075353,539465.9785636587,5695518.072311745,-1.443544485273772,5.555086858279596,153.36135846049405,161.81713612184438,10.082615389051522,-54.34613856305344
uhi_20210122_111150_1_00122,2780613.2970960448,539466.0454204675,5695518.038609698,-1.3396116265623075,5.2123077978229,153.27517153793855,161.48621955553637,10.21856353927361,-54.291219344284045
uhi_20210122_111150_1_00123,2780613.3817456597,539466.10935115,5695518.004907606,-1.2452964079335658,4.990428530749142,153.21714399867503,161.27072797625672,10.332880052985148,-54.263029636265486
uhi_20210122_111150_1_00124,2780613.467274177,539466.1733119601,5695517.972525331,-1.1614456676161298,4.8323591759107485,153.14955396939695,161.12106890757804,10.440505306232607,-54.224413213482215
uhi_20210122_111150_1_00125,2780613.5532589382,539466.2416059474,5695517.938190807,-1.1687695316986655,4.577263715180047,153.0751326993422,160.88144703087426,10.465182123516465,-54.147722527260974
uhi_20210122_111150_1_00126,2780613.6376216295,539466.3035696665,5695517.904934535,-1.0589181483245638,4.491295060881014,152.93922754519937,160.81487515371512,10.624090327880396,-54.05620454113149
uhi_20210122_111150_1_00127,2780613.712280985,539466.3665189996,5695517.878102674,-1.1995467906442543,4.6636921679995025,152.85880276420795,161.01054977432565,10.522358895601444,-53.937769807933584
uhi_20210122_111150_1_00128,2780613.787779286,539466.4181653977,5695517.847952143,-0.9811235277222411,4.992813391334759,152.82064957258498,161.33254771741758,10.742379374297839,-53.97997358762753
uhi_20210122_111150_1_00129,2780613.865449494,539466.4770049691,5695517.818677038,-0.861938602952154,5.07576701590488,152.77302923274303,161.41707045730416,10.874004664084948,-53.97561269604931
uhi_20210122_111150_1_00130,2780613.937154568,539466.5334297065,5695517.7906997,-0.7694509857702697,5.291752583660951,152.69912384675723,161.6409324744077,10.990403994550741,-53.939486307860754
uhi_20210122_111150_1_00131,2780614.0114675486,539466.5898736058,5695517.758583364,-0.5580775217575227,5.355111118615483,152.57243529634025,161.71535578375872,11.241640275886208,-53.889649039419886
uhi_20210122_111150_1_00132,2780614.0836488646,539466.6461793197,5695517.725935569,-0.4157638881713083,5.4475394259535275,152.40140286918881,161.83158092936966,11.445115185330065,-53.77599785108561
uhi_20210122_111150_1_00133,2780614.1443441077,539466.6964285321,5695517.694647989,-0.3686328607559691,5.843903201599897,152.29627345479352,162.2447501104656,11.531212891818567,-53.69516425005354
uhi_20210122_111150_1_00134,2780614.208210179,539466.7479693609,5695517.6610109,-0.33972026940269257,6.102563137989672,152.18180506252358,162.52347674864725,11.604092773026794,-53.59857439470531
uhi_20210122_111150_1_00135,2780614.2709717415,539466.7960442875,5695517.625384088,-0.26745216045952785,6.468389148489789,152.09934860433452,162.90050823917562,11.705495999230852,-53.54522667521316
uhi_20210122_111150_1_00136,2780614.330240938,539466.8457765566,5695517.589617871,-0.3443616361575469,6.767405381163098,152.03974593485756,163.21544780971493,11.655283128213858,-53.468111160155765
uhi_20210122_111150_1_00137,2780614.3899375475,539466.8937345253,5695517.5523510445,-0.319285838880689,7.064137693623523,152.00659086315548,163.51682143747425,11.692064616857339,-53.44608643638899
uhi_20210122_111150_1_00138,2780614.445458259,539466.9417062337,5695517.514027124,-0.362398134427308,7.446847530938258,151.9439875325874,163.91380956832865,11.675047061691673,-53.37736582526598
uhi_20210122_111150_1_00139,2780614.504307821,539466.9912006235,5695517.4708304,-0.277194334338999,7.611257838485349,152.00507057434712,164.06122671313778,11.73229503969528,-53.45945532624596
uhi_20210122_111150_1_00140,2780614.5637860466,539467.0408793469,5695517.426711025,-0.1371047304159252,7.62385031826072,152.0996711793429,164.0473589237433,11.82916464851616,-53.58739178038357
uhi_20210122_111150_1_00141,2780614.634131339,539467.096940459,5695517.371439454,0.14750899754078337,6.789699283471939,152.1333242009259,163.18965842329015,12.08872972518794,-53.70103934112837
uhi_20210122_111150_1_00142,2780614.682660826,539467.1418636979,5695517.323405824,0.2213479257722896,6.902601983750991,152.10513469642882,163.30352203452577,12.170824899406012,-53.69603151556063
uhi_20210122_111150_1_00143,2780614.7328984626,539467.188254806,5695517.274451213,0.2828640644757051,6.98997351047907,152.10218458332196,163.3877312713574,12.231052043396012,-53.71092609341287
uhi_20210122_111150_1_00144,2780614.7818123754,539467.2313576292,5695517.2278165445,0.37687785182894734,7.284155963420365,152.14298712421188,163.66856806194028,12.30534675619562,-53.77480383286332
uhi_20210122_111150_1_00145,2780614.838207206,539467.2789999582,5695517.180686105,0.4583755584232001,7.388831636610468,152.1922936674895,163.75888114296146,12.364030980864973,-53.84368956083905
uhi_20210122_111150_1_00146,2780614.8954352317,539467.3251380787,5695517.137494768,0.4860346715223287,7.627458228205646,152.16746212500206,164.00101931605894,12.40110111548666,-53.82632636131854
uhi_20210122_111150_1_00147,2780614.955573567,539467.3657663914,5695517.098397958,0.5532910500462841,7.943348410356536,152.17397627461995,164.31219845722188,12.463973892604987,-53.84841704318469
uhi_20210122_111150_1_00148,2780615.0140105877,539467.4081189424,5695517.061108037,0.3498307795576349,8.151387942500069,152.13350586123076,164.54038102079548,12.284639864801886,-53.75291565377185
uhi_20210122_111150_1_00149,2780615.0724794306,539467.448327474,5695517.0260763345,0.14884951517682704,8.43711474612548,152.16259926640814,164.83219302846314,12.079472717685762,-53.72465813401408
uhi_20210122_111150_1_00150,2780615.1332722013,539467.4872655335,5695516.992311266,0.08906044554756253,8.73407258386708,152.2405938402745,165.11750509244726,11.9906496107932,-53.781272103678
uhi_20210122_111150_1_00151,2780615.185032516,539467.534605644,5695516.967349875,-0.40009552583791946,9.262938558441611,152.1811814031746,165.6832642736028,11.54071509737581,-53.60113554649994
uhi_20210122_111150_1_00152,2780615.249107437,539467.5787547062,5695516.936882175,-0.33680662246108534,9.441958594060065,152.36214824872698,165.82388139485582,11.529328748248425,-53.78741729424043
uhi_20210122_111150_1_00153,2780615.329656514,539467.6226499204,5695516.897748264,0.29368350602458626,8.95433025597908,152.64702328951677,165.24894000143837,12.025547315767646,-54.214631155347035
uhi_20210122_111150_1_00154,2780615.423223764,539467.6585692702,5695516.850089751,1.6133312818734957,8.058740445187238,153.07114856914248,164.19305931760482,13.12355368311647,-54.983226186616704
uhi_20210122_111150_1_00155,2780615.494167285,539467.7033890161,5695516.821700706,1.9558030026417943,7.965938773381597,153.2315436607878,164.0479899518593,13.387225391529997,-55.23294064572932
uhi_20210122_111150_1_00156,2780615.5673305257,539467.753369621,5695516.7955472255,2.013794419404089,7.821438408674263,153.256023009659,163.89411963267315,13.431658168348624,-55.277335720271324
uhi_20210122_111150_1_00157,2780615.6352973464,539467.798621598,5695516.776289803,1.8610874256470014,8.094161908907004,153.30147961776922,164.1704271917556,13.268952465569257,-55.26772806462612
uhi_20210122_111150_1_00158,2780615.7177494653,539467.8443982009,5695516.747146988,1.905008228300866,7.700857358553022,153.2363973691434,163.78347019027737,13.333979063274228,-55.23185121940602
uhi_20210122_111150_1_00159,2780615.797264495,539467.8895994539,5695516.721174836,1.7649322076888496,7.454634823694044,153.0412718260741,163.5808639388918,13.276342946466576,-55.01596093512043
uhi_20210122_111150_1_00160,2780615.872066103,539467.9265312747,5695516.693911765,1.796185508699996,7.362804049333908,152.99742546910818,163.49445864890367,13.323244544911955,-54.98669322788569
uhi_20210122_111150_1_00161,2780615.9442857327,539467.9743105524,5695516.666537076,1.5410009496349444,7.107600815403655,152.8916854363378,163.27448946812285,13.119334955864195,-54.819751849280124
uhi_20210122_111150_1_00162,2780616.0193869416,539468.0208531785,5695516.634700764,1.6372012527536943,6.867318917013288,152.88599403047542,163.02734560890988,13.211773693675687,-54.849592964180246
uhi_20210122_111150_1_00163,2780616.0909049665,539468.0674792303,5695516.6022515735,1.8527424313435583,6.705589995021956,152.81963957057621,162.86196382803416,13.4432038144312,-54.857055885454045
uhi_20210122_111150_1_00164,2780616.1598517303,539468.1185459845,5695516.568438394,2.0005559041768977,6.585151412470167,152.68587639442333,162.75512091845812,13.637252719765508,-54.78019435098807
uhi_20210122_111150_1_00165,2780616.225740078,539468.1638135271,5695516.536378583,2.237434978907094,6.628008172214218,152.54720336097523,162.80711626924403,13.919973739774953,-54.72031324039846
uhi_20210122_111150_1_00166,2780616.2839053595,539468.2095701144,5695516.506333037,2.223689799095963,6.820096097158471,152.33189673158768,163.04244021976547,13.995865966734995,-54.50595776462284
uhi_20210122_111150_1_00167,2780616.3589525493,539468.2598413933,5695516.468256982,2.377323765181285,6.32103874637481,151.83353884138597,162.62268923121312,14.337240310505495,-54.102356449523874
uhi_20210122_111150_1_00168,2780616.438857392,539468.3002021605,5695516.427748486,2.8139439486540416,5.863347995088103,151.1948992739078,162.25001959065605,15.003300546508138,-53.65493070484421
uhi_20210122_111150_1_00169,2780616.4927664157,539468.3399171463,5695516.403614912,2.596793352234937,6.001205903100909,150.9551758212235,162.4542935010776,14.894158919636414,-53.353233024771
uhi_20210122_111150_1_00170,2780616.558127271,539468.3775135638,5695516.370673116,2.70355301262422,5.743473412260156,150.61840318707684,162.25233296825434,15.126564243635935,-53.0791458217261
uhi_20210122_111150_1_00171,2780616.613216843,539468.4141063853,5695516.340829214,2.5765247505143565,5.714786174027936,150.43850035181237,162.27001752288857,15.076759155681243,-52.869624584625846
uhi_20210122_111150_1_00172,2780616.6684549167,539468.4488421007,5695516.306619112,2.5425727560941676,5.508149351242187,150.39757578657967,162.0722986245122,15.057879751632285,-52.82911245478159
uhi_20210122_111150_1_00173,2780616.7255684393,539468.4854032588,5695516.269709737,2.5884468875233564,5.126778053710275,150.42366687248762,161.67782021950077,15.085795488948825,-52.8854577979014
uhi_20210122_111150_1_00174,2780616.7836995632,539468.5279918553,5695516.231788061,2.612294244367413,4.747268275465242,150.33060087242305,161.3110748677957,15.139939090282983,-52.82186092192383
uhi_20210122_111150_1_00175,2780616.847807939,539468.5695796262,5695516.193087202,2.851485122065638,4.386079940545589,150.2443096403155,160.94221484138407,15.394994636962267,-52.83697826219642
uhi_20210122_111150_1_00176,2780616.9193931897,539468.6078476622,5695516.155885816,3.2857547473343263,4.213087726133926,150.15301520828604,160.74569337309467,15.83847504749948,-52.90719206915893
uhi_20210122_111150_1_00177,2780616.9880709127,539468.6514366182,5695516.125484531,3.343543032760614,4.146531328676938,149.9352228199775,160.7170682905465,15.978301391915757,-52.72339120765207
uhi_20210122_111150_1_00178,2780617.0624378454,539468.6898176285,5695516.095961747,3.4708133564897707,3.986443878306931,149.68338402083455,160.5941140074232,16.195149417688242,-52.53652025633407
uhi_20210122_111150_1_00179,2780617.135920596,539468.7274293164,5695516.066699127,3.5004791684778715,3.8456974153703123,149.47142378102683,160.4921411414761,16.304228484204888,-52.35293785897683
uhi_20210122_111150_1_00180,2780617.20927922,539468.7635198546,5695516.0389059335,3.5215099156750997,3.7946276418897944,149.28180799203534,160.47763674980897,16.397996958863562,-52.182235773248664
uhi_20210122_111150_1_00181,2780617.2787441444,539468.8019087992,5695516.0129660135,3.377465680945786,3.782210796340594,149.09689264492778,160.5178439247469,16.3349709381547,-51.95615893202394
uhi_20210122_111150_1_00182,2780617.348809398,539468.8365393565,5695515.981887836,3.4575286432073744,3.706083000202951,148.94114923618375,160.46550215951598,16.470315224000785,-51.839596285745
uhi_20210122_111150_1_00183,2780617.409303639,539468.871002251,5695515.95108269,3.4020144516182733,3.5988404824598903,148.74650372125566,160.40336879071185,16.49247712138286,-51.64030852391596
uhi_20210122_111150_1_00184,2780617.462519608,539468.9031890164,5695515.914101156,3.4474097349990105,3.476030032952393,148.5123675895069,160.3241083489873,16.624764416482126,-51.43928410814441
uhi_20210122_111150_1_00185,2780617.511665993,539468.940970426,5695515.871675316,3.4982557930319036,3.242326045529196,148.2509377985433,160.13785155428693,16.77035073464121,-51.22061622950003
uhi_20210122_111150_1_00186,2780617.560735899,539468.9778085701,5695515.829378697,3.7908928063423484,3.1558156564907334,148.03556854757335,160.06616712632444,17.127984929305406,-51.123468119401956
uhi_20210122_111150_1_00187,2780617.6141177774,539469.0163978568,5695515.794723648,4.14691361348165,3.200435903525022,147.8685701535449,160.1100271085762,17.5291306009024,-51.086912119444236
uhi_20210122_111150_1_00188,2780617.673892403,539469.0532682581,5695515.768509279,4.468429360762022,3.4076430581569865,147.69213040707447,160.32503753665668,17.90595641435178,-51.01587248623322
uhi_20210122_111150_1_00189,2780617.7395456666,539469.0868894841,5695515.752346553,4.603812158134561,3.626511889539135,147.53292208341097,160.56867952768502,18.101545853307666,-50.89283988438065
uhi_20210122_111150_1_00190,2780617.808557014,539469.115877575,5695515.743406204,4.476940996711222,3.7615476741536833,147.37551536149394,160.75498218181139,18.04679477752881,-50.68614772640604
uhi_20210122_111150_1_00191,2780617.879918696,539469.147689691,5695515.737519031,4.022436696891406,3.6876776921781356,147.2468350898139,160.7564538302454,17.665981719284584,-50.41006892636072
uhi_20210122_111150_1_00192,2780617.9545329697,539469.1801527606,5695515.727308387,3.5701394209757717,3.5093274043191296,147.06303825799066,160.66313266865865,17.30653042001536,-50.08796705660726
uhi_20210122_111150_1_00193,2780618.0218319725,539469.2055162583,5695515.718074044,3.1623097308743184,3.663358261318288,146.93974507572838,160.88870590680747,16.972149112821462,-49.819783704115494
uhi_20210122_111150_1_00194,2780618.081886097,539469.2373896389,5695515.701396619,2.726332503365406,3.670594299992038,146.74951351326996,160.98220078262025,16.633632130383486,-49.48762770115172
uhi_20210122_111150_1_00195,2780618.1378654204,539469.2716116987,5695515.673189187,2.5991473111584504,3.5096520153263384,146.45580462316505,160.89897196239252,16.62398028048122,-49.169082168228684
uhi_20210122_111150_1_00196,2780618.180020228,539469.3052664881,5695515.633412721,2.7685098325880104,3.407917005994785,146.17441107252918,160.84427209192256,16.89041003396719,-48.960713223332206
uhi_20210122_111150_1_00197,2780618.2177708293,539469.3399562052,5695515.589861105,3.2141718357147955,3.316413975912912,145.8334840726756,160.78562555817717,17.440325577501987,-48.78962487914239
uhi_20210122_111150_1_00198,2780618.250670695,539469.3741402902,5695515.545759049,3.7192018780263107,3.231539806625517,145.41876657147938,160.74349830819904,18.07398857623953,-48.56787953321161
uhi_20210122_111150_1_00199,2780618.2866970547,539469.4021807658,5695515.507577527,4.156285601971207,3.176374704936581,144.94597563860188,160.7517467440071,18.66560799198313,-48.26421275525216
uhi_20210122_111150_1_00200,2780618.3233604697,539469.4183314365,5695515.478217884,4.324367143650416,3.286851469592757,144.63925505656852,160.91941290746277,18.94364372751389,-48.015611383900186
uhi_20210122_111150_1_00201,2780618.3641756712,539469.427617078,5695515.459651484,4.12199699439274,3.4333791609814015,144.4708332162095,161.13229012083366,18.81963151228949,-47.771095138224595
uhi_20210122_111150_1_00202,2780618.4077632977,539469.4288289127,5695515.445819906,3.6814582115554235,3.5515681002274455,144.44293544286836,161.3073310826123,18.415688815623195,-47.586225921419285
uhi_20210122_111150_1_00203,2780618.4505747915,539469.4259733561,5695515.43358562,3.0887573447173784,3.5096443919651494,144.3765671856269,161.3431064246093,17.878445059059445,-47.32443348671813
uhi_20210122_111150_1_00204,2780618.486244442,539469.4126801451,5695515.42073421,2.621663785315668,3.6892171805184444,144.41538632461348,161.5629359725543,17.423838050914316,-47.19730450812043
uhi_20210122_111150_1_00205,2780618.5163413268,539469.4032042547,5695515.404542455,2.321849501486674,3.7599796615175265,144.41152356943755,161.6649030514036,17.141743993088784,-47.09148919352792
uhi_20210122_111150_1_00206,2780618.540163177,539469.3885367586,5695515.392160078,2.3877028767906094,4.106338163639968,144.4182199526411,162.00716195099304,17.206234617282643,-47.10531230136913
uhi_20210122_111150_1_00207,2780618.5696372455,539469.3744239834,5695515.379027244,2.8302675891846145,4.144038287210891,144.3587657815408,162.0170047635,17.65005939065458,-47.189179044073825
uhi_20210122_111150_1_00208,2780618.6002109284,539469.3598030964,5695515.37232039,3.2312995391327446,4.038834205725374,144.25010946733892,161.8968731651747,18.070540065792795,-47.21964407755743
uhi_20210122_111150_1_00209,2780618.634621227,539469.3337618589,5695515.368845404,3.5920790610628153,3.9174262705219873,144.1695440534594,161.7560834391785,18.441402576934827,-47.26693136692761
uhi_20210122_111150_1_00210,2780618.668555159,539469.3056762709,5695515.365383687,3.5173390443182786,3.880784686528411,144.07684914671285,161.7493974815778,18.404597558480756,-47.154223590786685
uhi_20210122_111150_1_00211,2780618.694114087,539469.2790802238,5695515.356832489,2.8803980108046954,3.896830991861775,143.97786630528662,161.85525011893125,17.836961996482263,-46.84768344193377
uhi_20210122_111150_1_00212,2780618.718953799,539469.2431285584,5695515.338134379,2.3450182457610547,4.028851200833418,143.87909458702447,162.06607918413513,17.366734932931482,-46.571772928747066
uhi_20210122_111150_1_00213,2780618.7354613575,539469.211248071,5695515.321155013,1.6651886472890376,4.441117163240665,143.76100413547337,162.57519858514596,16.767448279121812,-46.22689858498923
uhi_20210122_111150_1_00214,2780618.7530677333,539469.1782147893,5695515.2953084,1.416493740626369,4.821050636577572,143.79338625434605,162.97181704463154,16.520883934908763,-46.17120039314844
uhi_20210122_111150_1_00215,2780618.772914156,539469.1495383057,5695515.2683350025,1.6142584801871627,5.064884272741103,143.75845754602807,163.20898916436795,16.724971140398452,-46.19097287689716
uhi_20210122_111150_1_00216,2780618.789417205,539469.1172652965,5695515.251215514,2.0880844676394266,5.400848128618084,143.60709074863934,163.54457179361685,17.238424940389603,-46.17501673276669
uhi_20210122_111150_1_00217,2780618.808687093,539469.0849432247,5695515.243595764,2.598378228018993,5.463398188026192,143.19765716534312,163.66577562921705,17.880824230792786,-45.92520071125365
uhi_20210122_111150_1_00218,2780618.8291105255,539469.0454838445,5695515.2458826685,2.9172499933983778,5.405378224737753,142.55001231244094,163.74361468184526,18.42567120628895,-45.389796364164255
uhi_20210122_111150_1_00219,2780618.8507984304,539469.000700608,5695515.25061835,2.913692927999055,5.3204874887090625,141.76764021325246,163.86224147160436,18.70827669195356,-44.62656317526008
uhi_20210122_111150_1_00220,2780618.8729941156,539468.9553328501,5695515.254643568,2.4837953966006827,5.194986689706237,140.8805042192219,164.01234706935637,18.615811088452194,-43.6357182560613
uhi_20210122_111150_1_00221,2780618.892743662,539468.9059953601,5695515.256769045,1.8692228962450568,5.27814345772491,139.97812652889974,164.39957658218148,18.34896230968862,-42.56872611502656
uhi_20210122_111150_1_00222,2780618.9100028505,539468.8562501761,5695515.255550465,1.3186186253388306,5.480082275915621,139.07858088431306,164.9035678659835,18.13776822350181,-41.52407558502937
uhi_20210122_111150_1_00223,2780618.9272213033,539468.8166245532,5695515.2491697185,0.9389072236302156,5.573976541585366,138.27799072143938,165.25933424495693,18.050956863397584,-40.6303278631798
uhi_20210122_111150_1_00224,2780618.9358986854,539468.7779754174,5695515.240699545,0.802246914156784,5.788423709940485,137.49753578369683,165.71386362818177,18.188876941231303,-39.820368680645956
uhi_20210122_111150_1_00225,2780618.942245025,539468.745432315,5695515.226524477,0.9606835108604586,5.867848310741241,136.76650665254593,165.99802030718598,18.592484351412477,-39.1359654126077
uhi_20210122_111150_1_00226,2780618.940585025,539468.7084414914,5695515.209193587,1.2719956865495443,6.091326945332126,136.04637814380993,166.4151134894695,19.139442062592106,-38.493931625684326
uhi_20210122_111150_1_00227,2780618.946001305,539468.6845496286,5695515.184627576,1.5694198687075687,5.857084014243352,135.32293407396193,166.3764951259043,19.669528856379845,-37.85164838120113
uhi_20210122_111150_1_00228,2780618.9453905006,539468.6522482844,5695515.162093778,1.6605941846320198,5.932287629482861,134.57969040291258,166.67677012442786,20.0051085998464,-37.126929721038465
uhi_20210122_111150_1_00229,2780618.9526723335,539468.6205298433,5695515.139088206,1.617300355968964,5.7315075278143,133.80174949641906,166.72454913061785,20.21654322741585,-36.33990685312808
uhi_20210122_111150_1_00230,2780618.958580013,539468.5912122815,5695515.119479187,1.3467509581122172,5.449127002108327,133.1108061968284,166.68514900063425,20.175158830259278,-35.58485095411702
uhi_20210122_111150_1_00231,2780618.967568766,539468.5578364994,5695515.106298552,1.1213250443202958,5.233793733747188,132.50185110637653,166.68601341597554,20.149488693151174,-34.919878636237456
uhi_20210122_111150_1_00232,2780618.978614656,539468.5227075052,5695515.101932776,1.0131142013306746,5.0860689803950025,131.93695598022902,166.73297117967965,20.22230317242288,-34.3254034804907
uhi_20210122_111150_1_00233,2780618.992703331,539468.4886082356,5695515.097917124,1.043656036876053,5.028353139588356,131.4816762116119,166.82412911586655,20.394576081157624,-33.873041857829115
uhi_20210122_111150_1_00234,2780619.006924178,539468.4678970671,5695515.09648351,0.8707666520762244,5.023546714722359,131.2537731685427,166.91035953008065,20.297209087265877,-33.600300594348894
uhi_20210122_111150_1_00235,2780619.024651264,539468.4414662032,5695515.093123967,0.8813578004787384,5.307315964996289,131.2053219192666,167.2110878143744,20.323558052250668,-33.54922145175887
uhi_20210122_111150_1_00236,2780619.046763421,539468.4202432279,5695515.089720135,0.9064613640262595,5.4223534318797695,130.97503567677308,167.40242711842268,20.419820849661853,-33.31971681496074
uhi_20210122_111150_1_00237,2780619.063686373,539468.3927846975,5695515.0900657745,0.8773280355736295,5.714822027780271,130.5789391304832,167.83333714703488,20.514408263173287,-32.90614761585083
uhi_20210122_111150_1_00238,2780619.0785860424,539468.363118002,5695515.089130117,0.7827678167830594,5.999828689687574,129.8767680397165,168.36803782537783,20.636863864592915,-32.16679843118406
uhi_20210122_111150_1_00239,2780619.0968560926,539468.3365902463,5695515.0841614045,0.6928064684187188,6.027033236284176,129.0223347350622,168.69947152440525,20.80540287691768,-31.276042532704654
uhi_20210122_111150_2_00000,2780619.1079098717,539468.3011961563,5695515.077997965,0.48108408343946735,6.250163758936734,128.10952101096302,169.26148559928853,20.867307307510696,-30.297170216545346
uhi_20210122_111150_2_00001,2780619.1211636434,539468.2767168225,5695515.070173348,0.2994067911892092,6.1029604349517195,127.13864535077354,169.4753899148277,20.96931268927987,-29.267388467528754
uhi_20210122_111150_2_00002,2780619.126293238,539468.2330669662,5695515.0637735035,0.30213290428438055,6.363681222215546,126.24370662587935,170.06289964814778,21.22588195783122,-28.346570862315318
uhi_20210122_111150_2_00003,2780619.1351166884,539468.2056571463,5695515.05624499,0.31653627935246664,6.047392934352361,125.25547040728534,170.11117564207422,21.51414048214385,-27.331573781492214
uhi_20210122_111150_2_00004,2780619.14631035,539468.1696913965,5695515.048307155,0.5449154679704158,5.844093433308611,124.25089387599814,170.2702170469607,22.0116911326526,-26.334085218875515
uhi_20210122_111150_2_00005,2780619.1555679715,539468.1366620327,5695515.04298289,0.6123369650053154,5.576917475302353,123.15120010841996,170.41882523790954,22.369106845439866,-25.204025579270894
uhi_20210122_111150_2_00006,2780619.1643989556,539468.0991520077,5695515.040368285,0.5899849442029244,5.549168554059804,121.89806983849724,170.88142983056514,22.669502200119144,-23.889601046411908
uhi_20210122_111150_2_00007,2780619.1770510413,539468.0637963344,5695515.037997495,0.5341654310841614,5.673448612522822,120.57481843553299,171.53581314376035,22.943671653830606,-22.4887403488671
uhi_20210122_111150_2_00008,2780619.1874103053,539468.0289874004,5695515.0365292635,0.3167224311014862,5.99721278245172,119.21290858037251,172.4246636397859,23.054835547980566,-21.016765544535506
uhi_20210122_111150_2_00009,2780619.2079721093,539468.002376257,5695515.032014221,0.23491436780919192,6.176458040096833,117.81841005773732,173.18298718433414,23.29419818695261,-19.528385752744402
uhi_20210122_111150_2_00010,2780619.2207883527,539467.9762796552,5695515.031281463,0.03368350456714506,6.524588468436394,116.43374649984243,174.12091569270214,23.398687273392458,-18.032015652224104
uhi_20210122_111150_2_00011,2780619.2351157423,539467.9497457328,5695515.028659965,-0.009987228380465656,6.842169501477938,115.07705101848364,175.0173776522051,23.63995300104289,-16.580768429137148
uhi_20210122_111150_2_00012,2780619.2458497826,539467.9340592927,5695515.023785595,-0.09451162504036126,6.766756941458977,113.81276433244047,175.49061084426393,23.80888549813785,-15.220025599504435
uhi_20210122_111150_2_00013,2780619.2570132436,539467.91212189,5695515.018039697,-0.0538935964906099,6.774175631409548,112.6359169556009,176.0111175677494,24.07434964464635,-13.959432411756307
uhi_20210122_111150_2_00014,2780619.266236356,539467.8962496201,5695515.012021659,-0.05178517681019653,6.532564769170802,111.5143326569899,176.2656682505695,24.281157336643176,-12.750556724508314
uhi_20210122_111150_2_00015,2780619.2737061568,539467.8789424164,5695515.00689685,-0.08874313703286123,6.326194396340778,110.43033319670165,176.54505143233666,24.432976910720058,-11.575988527514863
uhi_20210122_111150_2_00016,2780619.286889174,539467.8577899475,5695514.998046715,0.04304167087372382,6.0674179155107515,109.3177840414776,176.7853941910249,24.748781202003162,-10.377674908190993
uhi_20210122_111150_2_00017,2780619.298870724,539467.8435398438,5695514.98790883,0.06277528152478959,5.69491901147062,108.24001812613194,176.90405194827628,24.93774934891459,-9.206316076431264
uhi_20210122_111150_2_00018,2780619.2963899914,539467.8326047232,5695514.984093962,-0.33085207742041556,5.487393436087263,107.39092689966822,177.09627153204914,24.671525048924455,-8.258198156073677
uhi_20210122_111440_1_00000,2780616.871137945,539468.2253998308,5695515.807238486,4.550327870650246,-5.033012802784871,-25.024112462621574,-161.1440258838218,-6.494355988117627,125.18648911349347
uhi_20210122_111440_1_00001,2780616.843821332,539468.2115844274,5695515.7865668405,4.581051635950411,-5.079276413844694,-24.946433645122255,-161.1766929904239,-6.4327025337647115,125.12172515887003
uhi_20210122_111440_1_00002,2780616.815076391,539468.1950973177,5695515.765314608,4.589228015882387,-5.177621827605432,-24.882962308925556,-161.2626272037974,-6.396771727427042,125.05868595917539
uhi_20210122_111440_1_00003,2780616.7824550467,539468.1769321754,5695515.7472494375,4.66457958913626,-5.213745094577438,-24.738359260652118,-161.27477848788467,-6.2659790510706195,124.94771510678513
uhi_20210122_111440_1_00004,2780616.74823284,539468.1594638978,5695515.731058164,4.824856591151604,-5.014703601061569,-24.578938528515415,-161.05488156080145,-6.055062289369176,124.86940954377381
uhi_20210122_111440_1_00005,2780616.7096058438,539468.1364689353,5695515.7186493445,4.917128239331693,-4.831766118592417,-24.48318424464185,-160.8600534978353,-5.934126145041046,124.82679180239174
uhi_20210122_111440_1_00006,2780616.6682971725,539468.1068701353,5695515.711403308,4.856128549468719,-4.747546569764134,-24.512752388496402,-160.78007804845626,-6.00607358147322,124.84051830680497
uhi_20210122_111440_1_00007,2780616.62706733,539468.0790165924,5695515.705760967,4.857431745568324,-4.503942721945827,-24.670608847358114,-160.567986053388,-6.075566824765731,125.0050554659753
uhi_20210122_111440_1_00008,2780616.5860583424,539468.0513508022,5695515.702674521,4.883736890572425,-4.11112449585704,-24.85225452146058,-160.2139663292209,-6.135401080292577,125.21190727381205
uhi_20210122_111440_1_00009,2780616.543698208,539468.0164431568,5695515.703309786,4.7274905876935405,-3.8109300008301554,-25.076627256609303,-159.9527542261118,-6.381423326646198,125.38780356480771
uhi_20210122_111440_1_00010,2780616.501478737,539467.9813324189,5695515.704934618,4.609446977240047,-3.3023507265304195,-25.24867336047407,-159.47740914670447,-6.57584031412892,125.54352998666448
uhi_20210122_111440_1_00011,2780616.4625136824,539467.9456269807,5695515.7089161575,4.452830706660751,-2.6254443226881516,-25.35325042690293,-158.82136152451102,-6.783340831378825,125.63373986210193
uhi_20210122_111440_1_00012,2780616.423466104,539467.9113451522,5695515.71392967,4.381593333657688,-1.945577689458632,-25.443524460694732,-158.16305845136188,-6.905135644233821,125.73944353730013
uhi_20210122_111440_1_00013,2780616.3867210303,539467.8766829025,5695515.720732374,4.22002451625098,-1.2641882276356502,-25.531789630787134,-157.49842693962435,-7.109528121901228,125.80684706149589
uhi_20210122_111440_1_00014,2780616.346532568,539467.8433593602,5695515.730211236,4.188303458070127,-0.8330077720529386,-25.551092478448556,-157.07414361632917,-7.158752094282762,125.84164484200164
uhi_20210122_111440_1_00015,2780616.3049996514,539467.8092282441,5695515.7432992,4.141585083526333,-0.47027899559078956,-25.495117926292224,-156.7026185807732,-7.189563865227359,125.79608663502195
uhi_20210122_111440_1_00016,2780616.2638400462,539467.7747343964,5695515.758259745,4.075523751642354,-0.039072749312034825,-25.42491923551082,-156.25963193411573,-7.234238466422311,125.73348043281062
uhi_20210122_111440_1_00017,2780616.2198221725,539467.7381205318,5695515.776765808,4.020755027678471,0.3372158263250875,-25.261666394465525,-155.85411050692463,-7.229375043953719,125.58534858470799
uhi_20210122_111440_1_00018,2780616.1757463943,539467.7019304576,5695515.796412927,3.997881066915714,0.8279440318505955,-25.08149828388215,-155.33394322163406,-7.191790729049787,125.44158938191192
uhi_20210122_111440_1_00019,2780616.129876143,539467.6513696066,5695515.823523224,3.499784629484031,0.6874796439457508,-24.932946825226306,-155.41883747819153,-7.5807951114454655,125.08720438501621
uhi_20210122_111440_1_00020,2780616.1009194287,539467.6431635418,5695515.836097235,4.24227618546581,2.8167138576479513,-24.560762799186634,-153.28338265087794,-6.823400521561241,125.19948271444964
uhi_20210122_111440_1_00021,2780616.06436075,539467.608983655,5695515.860968062,4.201859361882789,3.701484645864058,-24.21051339533716,-152.34197406977114,-6.747487419286302,124.91768120517263
uhi_20210122_111440_1_00022,2780616.024352687,539467.5702351094,5695515.890559315,4.084164011924106,4.309288287201157,-23.752984010215755,-151.65173953848492,-6.686500194599624,124.48126788280713
uhi_20210122_111440_1_00023,2780615.9822757794,539467.530802184,5695515.922126031,3.951930654748841,4.751854282378716,-23.36462721814941,-151.13752651852505,-6.6594720082182395,124.08878512285497
uhi_20210122_111440_1_00024,2780615.9441709784,539467.4940562946,5695515.953888854,3.741014401465653,5.274920965830737,-23.063791063285475,-150.5548906312703,-6.738054366566614,123.7403645156884
uhi_20210122_111440_1_00025,2780615.9017819236,539467.457243832,5695515.985191055,3.607025070828405,5.580351475751641,-22.883511976795788,-150.21328429859682,-6.790525831850349,123.52553794205284
uhi_20210122_111440_1_00026,2780615.8636685875,539467.4220408435,5695516.017037951,3.3686639205559055,6.026250330164006,-22.802031425701667,-149.74276156035344,-6.977127889076556,123.354352928514
uhi_20210122_111440_1_00027,2780615.8258779123,539467.3871664605,5695516.048998114,3.170290070005009,6.382649533273529,-22.841564439358393,-149.38335295014582,-7.174652873806622,123.30701778671121
uhi_20210122_111440_1_00028,2780615.786568477,539467.3481118355,5695516.0831907075,2.89415261624087,6.546310974513827,-22.95813071258288,-149.22253224618822,-7.464277478435941,123.2794248946866
uhi_20210122_111440_1_00029,2780615.7430187035,539467.3091364483,5695516.116974516,2.778127106043437,6.825306215596974,-23.121344268963664,-148.96527867655985,-7.6377742641074065,123.38123374099405
uhi_20210122_111440_1_00030,2780615.693769188,539467.2656974561,5695516.156505432,2.6766752594448615,7.05894366581224,-23.181436750018953,-148.73633783544835,-7.754954497357518,123.39312784077363
uhi_20210122_111440_1_00031,2780615.639781797,539467.218111142,5695516.200509623,2.5794061372758286,7.158487427330126,-23.16604376019744,-148.62789201919276,-7.83411950209138,123.33187590614097
uhi_20210122_111440_1_00032,2780615.584123882,539467.1707930082,5695516.244883742,2.543652684342834,7.168310621527758,-23.107892527434153,-148.60569608863693,-7.841044867249582,123.25997602713501
uhi_20210122_111440_1_00033,2780615.5293096676,539467.1246491848,5695516.286364205,2.5021392885363403,7.010415267698187,-23.086033292374783,-148.75594251973357,-7.863935978889537,123.21209439199953
uhi_20210122_111440_1_00034,2780615.4770659576,539467.0809202625,5695516.325691454,2.4721216400523955,6.8564747391440966,-23.137869268043236,-148.91556967501413,-7.907413544650973,123.23831941836794
uhi_20210122_111440_1_00035,2780615.4271455784,539467.038860941,5695516.363766877,2.4471863350625487,6.68088994850575,-23.250828376588483,-149.10747025016627,-7.97119682794226,123.32275770662338
uhi_20210122_111440_1_00036,2780615.377955944,539466.997793809,5695516.401488481,2.4501511626397368,6.396862685837044,-23.453723061381886,-149.42461194090257,-8.045507962949598,123.50048834042975
uhi_20210122_111440_1_00037,2780615.330497714,539466.958666982,5695516.437223378,2.4938925432138226,6.250462018302375,-23.71830655402453,-149.61883547048873,-8.112751461675467,123.7610246516589
uhi_20210122_111440_1_00038,2780615.283764257,539466.9203180284,5695516.472277736,2.5629527434655084,6.242878028349683,-24.0274104048269,-149.68527177297474,-8.179057107951893,124.08075354727816
uhi_20210122_111440_1_00039,2780615.237536316,539466.881336162,5695516.507361461,2.5761727713248352,6.312372357699993,-24.41068497782252,-149.68500412317266,-8.325143626446602,124.44357865304613
uhi_20210122_111440_1_00040,2780615.1892325226,539466.8425177453,5695516.5443879645,2.6436080894925196,6.444838166238689,-24.89480465933862,-149.64561297868732,-8.46630645680959,124.93004089022033
uhi_20210122_111440_1_00041,2780615.14325944,539466.8033008529,5695516.579435998,2.563266181293634,6.599803482098918,-25.426953979714817,-149.58320799803175,-8.754181700322324,125.3868089793485
uhi_20210122_111440_1_00042,2780615.0952453194,539466.7636877635,5695516.612656941,2.4986567667553756,6.690284569268419,-25.975593654473798,-149.59080001055216,-9.032775441141844,125.86494373166478
uhi_20210122_111440_1_00043,2780615.045787716,539466.7222510139,5695516.646289592,2.442420721218002,6.6713987723428705,-26.50325758224217,-149.7054449213118,-9.292496045916883,126.32453709789222
uhi_20210122_111440_1_00044,2780614.994215235,539466.6794601368,5695516.680137336,2.4487048455829448,6.6475360601563205,-26.882586066433444,-149.80302674061014,-9.438162502545433,126.67888777375886
uhi_20210122_111440_1_00045,2780614.943615725,539466.633255837,5695516.714407711,2.3828539552163064,6.597956917083077,-27.175426248599297,-149.90398418639276,-9.61080822433857,126.91555132321523
uhi_20210122_111440_1_00046,2780614.8928412287,539466.5859285392,5695516.7470653625,2.363330901102786,6.472329052436994,-27.36846090274576,-150.0651186363367,-9.701939970302938,127.08052626049748
uhi_20210122_111440_1_00047,2780614.842480698,539466.5409664123,5695516.77788255,2.4801516592661987,6.320062002925708,-27.580388630443643,-150.26830187769576,-9.681598839960387,127.33091356169038
uhi_20210122_111440_1_00048,2780614.7926213057,539466.4937557932,5695516.8080266295,2.497884825215651,6.092268641823023,-27.767965239537492,-150.53343424187392,-9.735681033660459,127.50557718055373
uhi_20210122_111440_1_00049,2780614.7407945413,539466.445406262,5695516.838096047,2.492976632622208,5.840771932405368,-27.798989249909233,-150.78886950508493,-9.746887185566063,127.52232031980948
uhi_20210122_111440_1_00050,2780614.688652827,539466.396355451,5695516.867636993,2.427945608486107,5.624150586877532,-27.698996595604086,-150.97842274371672,-9.759533623305579,127.38892443665068
uhi_20210122_111440_1_00051,2780614.6362707024,539466.347811956,5695516.89781033,2.3723975648489977,5.515846293684735,-27.40537437018873,-151.0229677912892,-9.68929294528629,127.08446335202672
uhi_20210122_111440_1_00052,2780614.5822465154,539466.2998764155,5695516.927428608,2.3679981312237603,5.377486417881227,-26.987861319466685,-151.07806103855057,-9.524042368580776,126.68921844165182
uhi_20210122_111440_1_00053,2780614.526229173,539466.2502284421,5695516.95694222,2.337863285829406,5.224628512130075,-26.64637958222476,-151.16133855467157,-9.410937626831275,126.35185338111971
uhi_20210122_111440_1_00054,2780614.4707221384,539466.2028604419,5695516.984608434,2.402159622088523,5.205922671792932,-26.435378365457797,-151.14456139392928,-9.269751631950278,126.18685958181781
uhi_20210122_111440_1_00055,2780614.4172725184,539466.156061502,5695517.010615563,2.395872240721392,5.26482986754793,-26.480381905487416,-151.0941709325563,-9.294478437168925,126.22770711050191
uhi_20210122_111440_1_00056,2780614.3631331334,539466.1092231354,5695517.036010674,2.3650746324886844,5.259881770519184,-26.502334466818507,-151.10084787613934,-9.33013407381075,126.2328024365484
uhi_20210122_111440_1_00057,2780614.3058808525,539466.062024451,5695517.060382755,2.356487337009979,5.099078974596717,-26.467566508759035,-151.2532299074133,-9.320534583271547,126.19047556898091
uhi_20210122_111440_1_00058,2780614.247001446,539466.010839091,5695517.085432614,2.2809550142141743,4.914008736753936,-26.301168468189562,-151.3994299931149,-9.31648023555027,125.99277085283448
uhi_20210122_111440_1_00059,2780614.1893660836,539465.9588754751,5695517.108566062,2.1902366325382148,4.780553615815976,-26.086217252398754,-151.48432160930693,-9.30731355256885,125.74490010200607
uhi_20210122_111440_1_00060,2780614.131322669,539465.9072681849,5695517.130640425,2.1878281221885936,4.601195310880174,-25.87696243141249,-151.62319351014312,-9.221945481440732,125.54371238572504
uhi_20210122_111440_1_00061,2780614.0716218,539465.8552422576,5695517.153344501,2.252299425749832,4.375509428905391,-25.643478867396645,-151.8090078670683,-9.066906758560576,125.35062651925614
uhi_20210122_111440_1_00062,2780614.0110917157,539465.8031145014,5695517.177861003,2.3299304657007713,4.188483306885692,-25.36458736302268,-151.9492474861521,-8.882301658086861,125.12293224159453
uhi_20210122_111440_1_00063,2780613.949539747,539465.7502543756,5695517.205872388,2.378378941174631,4.059636534116031,-24.99551700313662,-152.01355493491178,-8.687697102152352,124.80006668250928
uhi_20210122_111440_1_00064,2780613.8798567406,539465.6970306432,5695517.2412069095,2.5958858750811538,3.709726797645516,-24.57148110964746,-152.3000824182725,-8.31627552823574,124.49775564674862
uhi_20210122_111440_1_00065,2780613.83183035,539465.6498072679,5695517.268073308,2.370617947987454,4.4627048254923904,-24.21566674091457,-151.4734131805546,-8.385614865342937,124.09138375541671
uhi_20210122_111440_1_00066,2780613.769126778,539465.5975088595,5695517.304184121,2.2959479867162913,4.4371739806393276,-23.818517350514995,-151.42435441207195,-8.288687799717211,123.68828238808247
uhi_20210122_111440_1_00067,2780613.7105902443,539465.5481109766,5695517.338921815,2.2018558933174543,4.634204252973456,-23.52982435006867,-151.17233034210608,-8.256852407031399,123.38350592923412
uhi_20210122_111440_1_00068,2780613.653326407,539465.498404584,5695517.375085617,2.0844941119713836,4.783213875452297,-23.3439064889027,-150.9843203368998,-8.28608382201647,123.15984976523572
uhi_20210122_111440_1_00069,2780613.5985990744,539465.4552634424,5695517.41200708,2.171590180098572,4.990017456953585,-23.23190225410573,-150.76585833904565,-8.167793665960966,123.10633425627049
uhi_20210122_111440_1_00070,2780613.5478467573,539465.4082093089,5695517.449221715,2.0892623181050394,5.086147848244616,-23.170164284914975,-150.65406120073445,-8.216006244479003,123.01195763368067
uhi_20210122_111440_1_00071,2780613.5049586026,539465.3589146042,5695517.483786764,1.7954853252277203,5.405497689557741,-23.10035819600815,-150.3034022561318,-8.448296275926923,122.8108975004157
uhi_20210122_111440_1_00072,2780613.455262792,539465.3117553573,5695517.52261647,1.7747980198022675,5.569643089753063,-22.83825727545528,-150.09507168936977,-8.360938362968751,122.56365259249003
uhi_20210122_111440_1_00073,2780613.401978431,539465.2629592068,5695517.5616602665,1.8052608941424928,5.555311446219958,-22.54369146537315,-150.06332890401202,-8.212892067969607,122.3075643049186
uhi_20210122_111440_1_00074,2780613.35047171,539465.2121329723,5695517.599982215,1.7327559143800288,5.616340088630266,-22.215867906852253,-149.94440776106742,-8.141225580055606,121.97114219873008
uhi_20210122_111440_1_00075,2780613.296893985,539465.1679146303,5695517.640184655,1.9007376081529672,5.687438116378886,-21.94094986877591,-149.84159898456022,-7.88329515128809,121.80560281344582
uhi_20210122_111440_1_00076,2780613.2466598027,539465.1239381477,5695517.680130746,1.936175067104764,5.84773943999947,-21.76132610913811,-149.65602425239297,-7.780995225324211,121.6633787834325
uhi_20210122_111440_1_00077,2780613.1961113955,539465.0788128922,5695517.720133167,1.8522015720105591,5.876649691800054,-21.657649842124233,-149.605112726609,-7.8109517906837995,121.52619257216904
uhi_20210122_111440_1_00078,2780613.14555288,539465.0377091249,5695517.757961825,1.8018367762850778,5.832323445096026,-21.500320840711467,-149.62117487637454,-7.788398943026601,121.3548537388689
uhi_20210122_111440_1_00079,2780613.0993268546,539465.0000148582,5695517.794010568,1.751347829517058,5.913403886582324,-21.40709834069554,-149.52245988481468,-7.794488588949631,121.24568933173805
uhi_20210122_111440_1_00080,2780613.0516747795,539464.962193039,5695517.826948522,1.7623423268645269,5.892862899553694,-21.38475984233213,-149.54022214997474,-7.775411271642381,121.23027134818132
uhi_20210122_111440_1_00081,2780613.0079796216,539464.9235636257,5695517.859372529,1.7631716009881846,5.943545596078932,-21.382560830325847,-149.48946459719204,-7.774573654876327,121.2300338162475
uhi_20210122_111440_1_00082,2780612.9652003534,539464.8826161266,5695517.89027791,1.677670438673954,5.951946651318258,-21.485819159346573,-149.4911238005067,-7.891263068252871,121.28119513364463
uhi_20210122_111440_1_00083,2780612.9188760757,539464.8546641382,5695517.918845397,2.068187083537096,6.293786215809769,-21.490457994891994,-149.17851737546803,-7.562979935823101,121.49614451164926
uhi_20210122_111440_1_00084,2780612.869797929,539464.8159260058,5695517.953103296,2.1214089907391096,6.344837799336218,-21.41681752226919,-149.11979765243012,-7.487695399182233,121.45775669958438
uhi_20210122_111440_1_00085,2780612.8190662945,539464.7724922207,5695517.988029356,1.9974219372572868,6.337001587808322,-21.302563357485752,-149.1014119054397,-7.546520615282813,121.28854364142491
uhi_20210122_111440_1_00086,2780612.7634337014,539464.729025334,5695518.024254452,1.954573083920713,6.253919896020591,-21.109849256207976,-149.15147631079523,-7.501729792403835,121.08720756486974
uhi_20210122_111440_1_00087,2780612.7117778533,539464.6846302976,5695518.057831469,1.843584449190258,6.307852381794364,-20.983170260703993,-149.0708755448272,-7.545179178812041,120.91516658672924
uhi_20210122_111440_1_00088,2780612.658472793,539464.6393272879,5695518.0906170355,1.8205120578780323,6.196855410144284,-20.863886405972,-149.16173304553482,-7.513474669961846,120.7908275329013
uhi_20210122_111440_1_00089,2780612.6069037635,539464.5963162048,5695518.12174288,1.8995386882123293,6.117974222591583,-20.82883100449271,-149.24028361232394,-7.4296755008885045,120.79729922214239
uhi_20210122_111440_1_00090,2780612.557024165,539464.5542058346,5695518.1515189,2.0272171486943806,6.017461709948524,-20.753315462702908,-149.3373445186311,-7.28667953419425,120.7908922565595
uhi_20210122_111440_1_00091,2780612.5050974637,539464.5096864122,5695518.181676763,2.10915818534115,5.768967208325756,-20.71816897090797,-149.5846685885082,-7.196903467487192,120.792894754633
uhi_20210122_111440_1_00092,2780612.4567311215,539464.4668532463,5695518.211037492,2.1276227020523653,5.671564570433377,-20.698138956505105,-149.67976036834696,-7.170805611178252,120.78083440983282
uhi_20210122_111440_1_00093,2780612.403523656,539464.424745614,5695518.243909153,2.2167343460024433,5.596618699112502,-20.60746118163209,-149.74625788609077,-7.0546331791841235,120.74065691376543
uhi_20210122_111440_1_00094,2780612.350325515,539464.381217947,5695518.278532282,2.183687040929938,5.653970444531551,-20.334925601234772,-149.6462780262086,-6.970586005767988,120.47643462879829
uhi_20210122_111440_1_00095,2780612.296462667,539464.3381120915,5695518.314042608,2.1235772566552336,5.727493705526807,-20.020088052384338,-149.5228814627673,-6.8922500930735975,120.16028975552095
uhi_20210122_111440_1_00096,2780612.244225208,539464.2950359196,5695518.3506591935,2.0644437544459513,5.804466796589558,-19.762646882414412,-149.4051528156923,-6.8368360052276005,119.89717254416085
uhi_20210122_111440_1_00097,2780612.192020227,539464.2505606366,5695518.389099362,1.9998478539596536,5.764835032582321,-19.61536115850811,-149.41946787112948,-6.8299886057017405,119.72827223719864
uhi_20210122_111440_1_00098,2780612.14267305,539464.2108692757,5695518.423521511,2.0426031180205757,5.748179554741304,-19.485919650723986,-149.4201307408028,-6.738578454226478,119.63142670141956
uhi_20210122_111440_1_00099,2780612.0920240134,539464.169494564,5695518.457597828,2.051095455445867,5.604636454845241,-19.47531016811986,-149.56205751275579,-6.724206706856947,119.62163015087006
uhi_20210122_111440_1_00100,2780612.0423900858,539464.1305786013,5695518.490992689,2.105748001047092,5.473862411520005,-19.46307773076907,-149.6937659831851,-6.669523243310794,119.63416178873571
uhi_20210122_111440_1_00101,2780611.9925477565,539464.0947149221,5695518.518206359,2.1786113798499263,5.33434078361922,-19.474094470062308,-149.8385095535799,-6.608567099873644,119.67662085314925
uhi_20210122_111440_1_00102,2780611.9425614546,539464.0537498441,5695518.546610346,2.0876938704892014,5.1877790634004946,-19.511616215091713,-149.98446299221897,-6.7002403657710765,119.66024088570134
uhi_20210122_111440_1_00103,2780611.8919751444,539464.0142657508,5695518.574836526,2.0578951827908756,5.266436718195233,-19.562690755362453,-149.9116900569259,-6.748884543393457,119.69434100007322
uhi_20210122_111440_1_00104,2780611.8374743373,539463.9735106304,5695518.605335627,2.0862791300725663,5.3012062205333885,-19.611586751731085,-149.88576441336232,-6.745465833293693,119.75443256038483
uhi_20210122_111440_1_00105,2780611.782865299,539463.9307376883,5695518.639169584,2.1123545483409765,5.482982105111429,-19.730206569376406,-149.72343094683205,-6.775999015758991,119.88179655663951
uhi_20210122_111440_1_00106,2780611.7309882306,539463.8883896916,5695518.674689449,2.1436534718333387,5.813164659864145,-19.852237971747293,-149.41431799352074,-6.806332852383422,120.01990957584934
uhi_20210122_111440_1_00107,2780611.6772215245,539463.8467865457,5695518.708412267,2.2122294198162713,5.996038321889732,-19.956729941246888,-149.25171820008245,-6.794620882987126,120.1566454105342
uhi_20210122_111440_1_00108,2780611.6232330855,539463.8046038802,5695518.743874009,2.2454282133515577,5.998623971210268,-20.0369235144795,-149.26294448132373,-6.799675707897681,120.24711594541448
uhi_20210122_111440_1_00109,2780611.5725603853,539463.7652189737,5695518.777502477,2.2592023916558563,6.066970444108084,-20.066491304403474,-149.2001227270185,-6.801574765426666,120.28356162022428
uhi_20210122_111440_1_00110,2780611.5186375505,539463.7233942944,5695518.813667197,2.217287569529204,5.956228194393829,-20.01038475928847,-149.29952218825105,-6.8119273475962006,120.20695242329428
uhi_20210122_111440_1_00111,2780611.4628682053,539463.6805871385,5695518.852142291,2.1549333128335144,5.783471908036638,-19.853068057354744,-149.44468352064476,-6.7964009944084856,120.02547734840746
uhi_20210122_111440_1_00112,2780611.4076102246,539463.6405947494,5695518.89152002,2.179488366638138,5.7152394795750565,-19.652075879599277,-149.48495689706303,-6.689751311535177,119.85217744313535
uhi_20210122_111440_1_00113,2780611.3484573797,539463.5955727306,5695518.935198784,2.133461490419996,5.482928371659432,-19.379904809456555,-149.67453270629855,-6.6108582743403135,119.57258925723795
uhi_20210122_111440_1_00114,2780611.2913765563,539463.5534747088,5695518.975260335,2.136490879712452,5.407749819629272,-19.04335054939062,-149.70210292043328,-6.465424282391007,119.26454455144629
uhi_20210122_111440_1_00115,2780611.229087365,539463.5086416552,5695519.018540845,2.1831334009994117,5.228028283492324,-18.665820962220863,-149.8313346687283,-6.262803949449318,118.93800287284921
uhi_20210122_111440_1_00116,2780611.1713126875,539463.4667807405,5695519.059665161,2.2576935134850062,5.258088508405992,-18.382378189235613,-149.76676053612238,-6.079457028062219,118.71845177158957
uhi_20210122_111440_1_00117,2780611.109751237,539463.4228718099,5695519.10169146,2.323735117672374,5.104162121456994,-18.135287935405337,-149.89014694763603,-5.914981471994355,118.52145875636411
uhi_20210122_111440_1_00118,2780611.054220559,539463.3805705765,5695519.140513933,2.315332399806943,5.213205150857991,-17.992316355325357,-149.76203441214372,-5.864065444099575,118.39090157028838
uhi_20210122_111440_1_00119,2780610.9948206856,539463.3410997628,5695519.179620422,2.389486914655068,5.2584865783272265,-17.838539863792047,-149.70032456957298,-5.735953163196527,118.2901487211135
uhi_20210122_111440_1_00120,2780610.9357842435,539463.3008353551,5695519.218758443,2.393785341217319,5.407959118792156,-17.774764441524166,-149.543305169162,-5.708428961906113,118.23972048922757
uhi_20210122_111440_1_00121,2780610.8806262636,539463.262106307,5695519.259316482,2.329982167752568,5.8224328168131,-17.750227963767504,-149.12415454967925,-5.761641925659651,118.19945834502222
uhi_20210122_111440_1_00122,2780610.8244924713,539463.2245236104,5695519.298623266,2.272634275027799,6.072070705912123,-17.7496320387082,-148.87251672448969,-5.815708425056587,118.17786279430511
uhi_20210122_111440_1_00123,2780610.7644777717,539463.1858786162,5695519.338438807,2.2431957706559316,6.14239561862308,-17.7631659110672,-148.8027148314427,-5.848058641572252,118.1772480028685
uhi_20210122_111440_1_00124,2780610.704274953,539463.1431654637,5695519.381532441,2.1679886627478027,6.171218957378464,-17.756360278263497,-148.7691031225821,-5.910073437010437,118.1328265479797
uhi_20210122_111440_1_00125,2780610.6464201636,539463.1073807237,5695519.424667992,2.3031642155808476,6.345241913057097,-17.647655858307626,-148.58871750386524,-5.7521203294475125,118.11037876567569
uhi_20210122_111440_1_00126,2780610.5881962883,539463.062920087,5695519.473040852,2.27431259885897,6.232916446344386,-17.64210505862625,-148.6983252423141,-5.772074126241653,118.08638890339786
uhi_20210122_111440_1_00127,2780610.530423304,539463.0315380214,5695519.518386002,2.5572441253392855,6.277375148083363,-17.63767660396692,-148.66803372680016,-5.52946383304956,118.23174687056569
uhi_20210122_111440_1_00128,2780610.4718700824,539462.9977366828,5695519.565547022,2.7204723402723983,6.211569039880177,-17.690753859316786,-148.74867116559773,-5.41084778914219,118.36257109339059
uhi_20210122_111440_1_00129,2780610.418920467,539462.9604439401,5695519.611884081,2.6156350642122,6.2993661439743995,-17.763024657555647,-148.66569838928473,-5.533101513517241,118.37708854854529
uhi_20210122_111440_1_00130,2780610.3584728437,539462.9198306554,5695519.66251235,2.496161776459357,6.151083591760372,-17.811291794622125,-148.8136278638474,-5.652198343858081,118.35301461478417
uhi_20210122_111440_1_00131,2780610.296812335,539462.8878928794,5695519.7135164365,2.6275625926114494,6.141966180773784,-17.96207323819691,-148.84955564078138,-5.6032517924235075,118.55816341290378
uhi_20210122_111440_1_00132,2780610.239067736,539462.8558947076,5695519.762827292,2.7157853450351555,6.249546901846793,-18.035618021548487,-148.7568943546654,-5.561425305036907,118.67529120122505
uhi_20210122_111440_1_00133,2780610.180535677,539462.8131785392,5695519.815874354,2.5975448518656186,6.287730275158943,-18.1041007655119,-148.72212102097157,-5.692312722236486,118.67746352246394
uhi_20210122_111440_1_00134,2780610.122549907,539462.77713514,5695519.867245037,2.6668468733237107,6.42456015937767,-18.188282198614992,-148.60098333477208,-5.671896301029432,118.79568435199725
uhi_20210122_111440_1_00135,2780610.072186376,539462.7397137486,5695519.916834354,2.6254291599116804,6.720593921644309,-18.319423510503746,-148.32217529300075,-5.769623923726735,118.90498125493536
uhi_20210122_111440_1_00136,2780610.0437634746,539462.7172210987,5695519.954045936,2.6011079718502548,7.89488004048144,-18.48629091541695,-147.17538672095543,-5.889042397319897,119.08939336105506
uhi_20210122_111440_1_00137,2780609.9504888128,539462.6573779468,5695520.032187083,2.6170288132092017,6.586362142972893,-18.65250200852127,-148.50128439273783,-5.913803932995246,119.19861235532444
uhi_20210122_111440_1_00138,2780609.8931817557,539462.6145034147,5695520.090447182,2.448708466289551,6.532530794553249,-18.84384426982216,-148.57227867735818,-6.136611479138638,119.28258373093298
uhi_20210122_111440_1_00139,2780609.8325583087,539462.5737107715,5695520.147434044,2.3424603602739618,6.407054039955261,-19.003365083812334,-148.71350763804006,-6.291671368187557,119.36790650854213
uhi_20210122_111440_1_00140,2780609.777552956,539462.5311375264,5695520.2035676865,2.111214131150897,6.420275496633335,-19.077161548823543,-148.6972204153941,-6.520559589383917,119.31479470285623
uhi_20210122_111440_1_00141,2780609.70448783,539462.4931750537,5695520.269655075,2.331469282468867,6.055695222248261,-19.051261747023325,-149.06933077447604,-6.313807446859769,119.39353358684433
uhi_20210122_111440_1_00142,2780609.6520887557,539462.4546567542,5695520.323174986,2.2736037358238024,6.299688877730859,-19.020931979971344,-148.81888931521058,-6.35568853990348,119.34428431374756
uhi_20210122_111440_1_00143,2780609.5926385927,539462.4167925216,5695520.380366478,2.3499838338551458,6.432812866788661,-18.917350737067874,-148.67623550668853,-6.24963244278545,119.29430752732405
uhi_20210122_111440_1_00144,2780609.532644809,539462.3770867541,5695520.44411653,2.4205619648825905,6.53908371315523,-18.761683575751658,-148.55271839279143,-6.126213709680818,119.19316709655064
uhi_20210122_111440_1_00145,2780609.473107029,539462.337091528,5695520.506128061,2.4319266801719834,6.678927929266273,-18.57813826996554,-148.3887251347387,-6.042369682701733,119.03695880524758
uhi_20210122_111440_1_00146,2780609.419311738,539462.2935568974,5695520.567335516,2.2218539678936664,6.900483442714515,-18.264799360218152,-148.11360670600854,-6.09365495800962,118.6480314127364
uhi_20210122_111440_1_00147,2780609.355846542,539462.2621111363,5695520.629913149,2.358319776988848,7.060819995725339,-17.90996619902649,-147.91388137482505,-5.831460269591859,118.40309332954965
uhi_20210122_111440_1_00148,2780609.328719014,539462.2322735387,5695520.676754293,2.1202085852933856,7.9420924946018925,-17.560543665412407,-146.977054340451,-5.902858065716003,117.98547972633399
uhi_20210122_111440_1_00149,2780609.2554589757,539462.1921974241,5695520.752567717,2.2907229937161846,7.432938624587593,-17.254370861563128,-147.45385465993357,-5.619153651667987,117.78323620443119
uhi_20210122_111440_1_00150,2780609.2083698395,539462.1681546728,5695520.81431549,2.5206759447080898,7.668028226857918,-16.845171528704405,-147.1793178776274,-5.25733686797718,117.54448270433865
uhi_20210122_111440_1_00151,2780609.163743166,539462.1225956673,5695520.877323752,2.2664329210876177,7.533470166946725,-16.474760564327152,-147.25428031336628,-5.310604461793458,117.06512096368124
uhi_20210122_111440_1_00152,2780609.137570644,539462.0892482441,5695520.926140683,2.0280580274198736,7.750163856166629,-15.491925122245007,-146.90918200316003,-5.095822362201269,116.05005007825744
uhi_20210122_111440_1_00153,2780609.056215897,539462.0452814848,5695520.993983452,2.0698409297966402,6.454689037813383,-13.404961574184192,-147.97632187851772,-4.139335859855567,114.14407368064713
uhi_20210122_111440_1_00154,2780609.0747025204,539462.0498670803,5695521.004719707,2.1705648417561454,8.162821287637087,-10.482536892034357,-146.00855163721138,-2.8229058627991455,111.61561767777074
uhi_20210122_111440_1_00155,2780609.062300123,539462.0045250104,5695521.038736276,1.6864849016925825,8.814258892016538,-6.96346857927572,-145.10541896997617,-1.6950066426986103,108.19485007919256
